Firstname;Lastname;Country;Age;Created at
Eaton;Merrill;China;54;Feb 12, 21
Castor;Middleton;Austria;42;Feb 24, 21
Serena     ;Webb;China;51;Mar 17, 21
Leandra;Tran;Canada;42;Feb 13, 21
Nevada;Brown;Canada;53;NA
Christopher;Mcmahon;INDIA;24;Dec 30, 20
Nissim;Fuentes;Australia;30;Jan 23, 21
Nigel;Zamora;Norway;22;Apr 4, 21
Cairo;Williams;Australia;38;Apr 20, 21
Ivan;Massey;New Zealand;25;Feb 17, 21
Jaime;Case;India;47;Jan 31, 21
Lee;Brennan; China ;26;Feb 18, 21
Leonard;Hayes;Germany;51;Dec 12, 20
Vladimir;Charles;Germany;45;Dec 21, 20
  Chase  ;Nieves;CHINa;40;Jan 20, 21
Bernard;;Girmany;28;Jan 20, 21
